benchmark,strategy_return,benchmark_return,excess_return,tracking_error,information_ratio,beta,max_drawdown,relative_drawdown
csi1000,1.910480260524317,0.516880020838042,1.1717712800823818,0.13640861275079655,4.108334513661499,1.2297592120628043,-0.22402896759662994,-0.0740085718539546
csi500,1.910480260524317,0.5945234428813015,1.0762375914562794,0.15316356156881558,3.4658048841749154,1.2534711174737612,-0.22402896759662994,-0.11085870693170596
hs300,1.910480260524317,0.29384881164275845,1.5516245536209485,0.21776951178486187,3.1663210802104333,1.478110773100257,-0.22402896759662994,-0.1515613063904654
