benchmark,strategy_return,benchmark_return,excess_return,tracking_error,information_ratio,beta,max_drawdown,relative_drawdown
csi1000,1.112564612070968,0.516880020838042,0.44371422013786277,0.13585653758471666,1.9877096648901165,1.063293097242201,-0.2142140784699862,-0.11559519831921061
csi500,1.112564612070968,0.5945234428813015,0.38342192567902633,0.14127175880309456,1.702153090405385,1.1045958010668615,-0.2142140784699862,-0.11095610878070061
hs300,1.112564612070968,0.29384881164275845,0.7072884250926195,0.1957922149240432,2.0386884995261934,1.3014745236638663,-0.2142140784699862,-0.14766648530619275
