benchmark,strategy_return,benchmark_return,excess_return,tracking_error,information_ratio,beta,max_drawdown,relative_drawdown
csi1000,1.0681928868411865,0.516880020838042,0.5120971581762686,0.13515868367552747,2.2403415940630254,0.9658229906994871,-0.17812328507919706,-0.05482149035359374
csi500,1.0681928868411865,0.5945234428813015,0.4541391617314643,0.12102453186293977,2.2575954202786,1.0498500571463758,-0.17812328507919706,-0.06880846010417441
hs300,1.0681928868411865,0.29384881164275845,0.8081671946812421,0.14915001781529352,2.8958602300586684,1.4092794733983298,-0.17812328507919706,-0.10765562002352613
