benchmark,strategy_return,benchmark_return,excess_return,tracking_error,information_ratio,beta,max_drawdown,relative_drawdown
csi1000,0.9711822884443888,0.5168797649992931,0.4300586337231851,0.12229679153196202,2.138304395117568,0.8696809334773935,-0.17221964545471158,-0.06013255299277187
csi500,0.9711822884443888,0.5945239448038042,0.37505197319788297,0.10735562312018698,2.160397960170567,0.9420553269553772,-0.17221964545471158,-0.07084744165361767
hs300,0.9711822884443888,0.2938505049870468,0.7153879087637598,0.12058954285511307,3.2392862569494913,1.2920169356465427,-0.17221964545471158,-0.10147908108084103
