benchmark,up_market,months,avg_excess_return,hit_rate,total_excess_return
csi1000,False,6,0.03249189947171849,0.6666666666666666,0.19495139683031093
csi1000,True,12,0.03388222957361953,0.9166666666666666,0.4065867548834343
csi500,False,6,0.03628841224821213,0.8333333333333334,0.21773047348927277
csi500,True,12,0.027590983902712234,0.6666666666666666,0.3310918068325468
hs300,False,6,0.02058085287133926,0.6666666666666666,0.12348511722803557
hs300,True,12,0.0546925296134115,0.8333333333333334,0.656310355360938
