benchmark,strategy_return,benchmark_return,excess_return,tracking_error,information_ratio,beta,max_drawdown,relative_drawdown
csi1000,1.3957098726864885,0.5168797649992931,0.7686795987844501,0.1289691244072366,3.205412094029502,1.0851476170310725,-0.18237186433106223,-0.046183343664241594
csi500,1.3957098726864885,0.5945239448038042,0.6968613169133355,0.1281544767688349,2.9949971563132443,1.146200767283473,-0.18237186433106223,-0.06072099983394641
hs300,1.3957098726864885,0.2938505049870468,1.0966536887181357,0.18141972532717482,2.9903885711092864,1.419152296457563,-0.18237186433106223,-0.10242580110943456
