benchmark,strategy_return,benchmark_return,excess_return,tracking_error,information_ratio,beta,max_drawdown,relative_drawdown
csi1000,1.6830364285443582,0.516880020838042,0.9863845523372676,0.1387687900225905,3.583288831507615,1.1252828887468136,-0.17282927033335627,-0.058655311392616594
csi500,1.6830364285443582,0.5945234428813015,0.9059537556303363,0.1374053449572373,3.4035900396259215,1.1921068228901197,-0.17282927033335627,-0.056033140370915446
hs300,1.6830364285443582,0.29384881164275845,1.3529732480585035,0.19111249900079055,3.2774655911644057,1.4848689980259282,-0.17282927033335627,-0.09537733336349707
