benchmark,up_market,months,avg_excess_return,hit_rate,total_excess_return
csi1000,False,6,0.023475517340548868,0.8333333333333334,0.1408531040432932
csi1000,True,12,0.020265759822729202,0.5833333333333334,0.24318911787275044
csi500,False,6,0.027272030117042507,0.6666666666666666,0.16363218070225505
csi500,True,12,0.01397451415182191,0.8333333333333334,0.16769416982186292
hs300,False,6,0.011564470740169641,0.6666666666666666,0.06938682444101785
hs300,True,12,0.04107605986252117,0.9166666666666666,0.4929127183502541
