benchmark,strategy_return,benchmark_return,excess_return,tracking_error,information_ratio,beta,max_drawdown,relative_drawdown
csi1000,1.67471132605632,0.5168797649992931,0.9880554384163636,0.12696566751061247,3.90889459528045,1.1724782915508698,-0.22063482426097014,-0.07899055245642805
csi500,1.67471132605632,0.5945239448038042,0.8995021867735689,0.14760746044220216,3.1618897343015995,1.1820300931561807,-0.22063482426097014,-0.11345436189167102
hs300,1.67471132605632,0.2938505049870468,1.3382661571406587,0.20843935217985415,3.0004492291819376,1.3859180141310854,-0.22063482426097014,-0.15141746178226567
