benchmark,strategy_return,benchmark_return,excess_return,tracking_error,information_ratio,beta,max_drawdown,relative_drawdown
csi1000,2.048743934544425,0.516880020838042,1.2703738147689085,0.1402759953005973,4.224158108147241,1.193042004528441,-0.23508271816158777,-0.09753780948362711
csi500,2.048743934544425,0.5945234428813015,1.1707453802855996,0.15612917870181284,3.605801270758549,1.2146166144924913,-0.23508271816158777,-0.13100080324375818
hs300,2.048743934544425,0.29384881164275845,1.6698117898770533,0.21720603776141784,3.3224857579092117,1.4261499929216859,-0.23508271816158777,-0.170302473719663
