benchmark,strategy_return,benchmark_return,excess_return,tracking_error,information_ratio,beta,max_drawdown,relative_drawdown
csi1000,1.348468697889969,0.516880020838042,0.6330294813735693,0.14528391774993185,2.4704343100149315,1.2286288038355562,-0.2374970672716208,-0.10381686027246206
csi500,1.348468697889969,0.5945234428813015,0.5615125822772142,0.15999783877664006,2.0583851985689803,1.2559198485600511,-0.2374970672716208,-0.1370001452267693
hs300,1.348468697889969,0.29384881164275845,0.9192441188424927,0.22260603115383545,2.1923501202549036,1.483041158242399,-0.2374970672716208,-0.17179689435554923
