benchmark,up_market,months,avg_excess_return,hit_rate,total_excess_return
csi1000,False,6,0.03179955659476782,0.8333333333333334,0.1907973395686069
csi1000,True,12,0.056515168096167044,0.9166666666666666,0.6781820171540045
csi500,False,6,0.03559632450054839,0.8333333333333334,0.21357794700329036
csi500,True,12,0.050223727127911455,0.9166666666666666,0.6026847255349375
hs300,False,6,0.019888657242827717,0.5,0.1193319434569663
hs300,True,12,0.07732534750810095,0.9166666666666666,0.9279041700972115
