{
  "total_return": 0.04019180644000042,
  "gross_total_return": 0.04875900000000022,
  "annual_return": 0.0392390131085234,
  "annual_volatility": 0.14200892808026125,
  "sharpe": 0.3424667471656098,
  "max_drawdown": -0.11931419122492526,
  "calmar": 0.32887129942952,
  "win_rate": 0.5486381322957199,
  "turnover": 8.843351608346845,
  "average_turnover": 0.0342765566214994,
  "total_cost": 8567.193559999785,
  "benchmark_return": 0.28323035254553663,
  "excess_return": -0.2430385461055362,
  "tracking_error": 0.1453591586368181,
  "information_ratio": -1.4440032924224582,
  "beta": 0.48153793627263974,
  "alpha": -0.09357383701495356,
  "up_capture": 0.4107962211830494,
  "down_capture": 0.4817611672558825,
  "relative_drawdown": -0.21199380414516922,
  "monthly_win_rate_vs_benchmark": 0.46153846153846156
}