{
  "total_return": 0.027023929989999473,
  "gross_total_return": 0.07315599999999822,
  "annual_return": 0.008041262781259162,
  "annual_volatility": 0.19774457955175315,
  "sharpe": 0.14065156531377415,
  "max_drawdown": -0.22450978717055103,
  "calmar": 0.03581698099936525,
  "win_rate": 0.4964200477326969,
  "turnover": 54.68614275526528,
  "average_turnover": 0.06518014631140082,
  "total_cost": 46132.07000999874,
  "benchmark_return": 0.27138590791581385,
  "excess_return": -0.24436197792581438,
  "tracking_error": 0.1679659868642839,
  "information_ratio": -0.35790364171396005,
  "beta": 0.6875925791318006,
  "alpha": -0.04337848948279546,
  "up_capture": 0.61508994434954,
  "down_capture": 0.6444462515968126,
  "relative_drawdown": -0.30639716555852514,
  "monthly_win_rate_vs_benchmark": 0.4523809523809524
}