{
  "total_return": -0.15016303329999803,
  "gross_total_return": -0.12540599999999857,
  "annual_return": -0.04769641743674713,
  "annual_volatility": 0.20605163691748962,
  "sharpe": -0.13332293332922568,
  "max_drawdown": -0.32567651432117406,
  "calmar": -0.14645335275760815,
  "win_rate": 0.4916467780429594,
  "turnover": 29.78613575783666,
  "average_turnover": 0.03550194965177195,
  "total_cost": 24757.033299999435,
  "benchmark_return": 0.27138590791581385,
  "excess_return": -0.4215489412158119,
  "tracking_error": 0.17392769252195697,
  "information_ratio": -0.6634948696604742,
  "beta": 0.7101908736377104,
  "alpha": -0.10080612206554548,
  "up_capture": 0.6684161741444332,
  "down_capture": 0.7647892805629671,
  "relative_drawdown": -0.44922207221483457,
  "monthly_win_rate_vs_benchmark": 0.42857142857142855
}