{
  "total_return": 0.11861172522000074,
  "gross_total_return": 0.1280550000000007,
  "annual_return": 0.11569962974967485,
  "annual_volatility": 0.1418407492631163,
  "sharpe": 0.8431236221898948,
  "max_drawdown": -0.12463072272561504,
  "calmar": 0.9283395556037757,
  "win_rate": 0.5291828793774319,
  "turnover": 9.434419400531677,
  "average_turnover": 0.03656751705632433,
  "total_cost": 9443.274779999781,
  "benchmark_return": 0.28323035254553663,
  "excess_return": -0.1646186273255359,
  "tracking_error": 0.12932087068869796,
  "information_ratio": -1.0744062601083426,
  "beta": 0.573908118393735,
  "alpha": -0.042589815735919884,
  "up_capture": 0.5502072880963429,
  "down_capture": 0.578135730474215,
  "relative_drawdown": -0.1931800095445111,
  "monthly_win_rate_vs_benchmark": 0.46153846153846156
}