factor,target_rows,total_return,gross_total_return,annual_return,annual_volatility,sharpe,max_drawdown,calmar,win_rate,turnover,average_turnover,total_cost,benchmark_return
liquidity,600,0.15288864927000034,0.1602340000000002,0.14908048214106673,0.15953500106343732,0.9513875523707008,-0.12469206195491012,1.1955891963273149,0.5175097276264592,7.288090525719252,0.028248412890384697,7345.350729999826,0.0
momentum,600,0.26549280520999985,0.27593699999999943,0.258582092786112,0.2016969245995972,1.2422237557722884,-0.16149194322796712,1.601207389158042,0.5603112840466926,10.453433302961093,0.040517183344810435,10444.194789999729,0.0
trend,600,0.22290491499000042,0.23367700000000013,0.21719539976223046,0.21571993269155998,1.019733022653812,-0.164760561058362,1.3182487263156066,0.5291828793774319,11.14756511366919,0.04320761671964802,10772.085009999708,0.0
volatility,600,0.08673319962000048,0.09505400000000042,0.0846331322339875,0.13135374815098005,0.6844341727740395,-0.10623312259619433,0.7966736754570309,0.5019455252918288,8.555715338960848,0.033161687360313365,8320.800379999837,0.0
