factor,target_rows,total_return,gross_total_return,annual_return,annual_volatility,sharpe,max_drawdown,calmar,win_rate,turnover,average_turnover,total_cost,benchmark_return,excess_return
liquidity,1150,0.1757948039599997,0.18339499999999953,0.1713749153537356,0.16917808922157018,1.0202111895799306,-0.12491520859975536,1.3719299457189655,0.5603112840466926,7.412640663727729,0.028731165363285772,7600.196039999795,0.28323035254553663,-0.10743554858553694
momentum,900,0.2887944512599987,0.2989269999999984,0.2812127354702847,0.2083117783707341,1.2949928537915971,-0.1502538072382139,1.8715847580783571,0.5836575875486382,10.171470510019963,0.03942430430240296,10132.54873999973,0.28323035254553663,0.005564098714462062
trend,950,0.24548393387999945,0.256713999999999,0.23914167625037885,0.23271942295768575,1.0383018712246332,-0.15949675917249784,1.4993513190556054,0.5680933852140078,11.636983658628914,0.045104587824143075,11230.066119999716,0.28323035254553663,-0.037746418665537185
volatility,1100,0.03289491792000088,0.040774000000000754,0.03211776580519521,0.14052604352583836,0.2955924861469437,-0.11996083681686653,0.267735426472779,0.5330739299610895,7.956886919547818,0.030840646974991545,7879.082079999856,0.28323035254553663,-0.25033543462553576
