factor,target_rows,total_return,gross_total_return,annual_return,annual_volatility,sharpe,max_drawdown,calmar,win_rate,turnover,average_turnover,total_cost,benchmark_return,excess_return
liquidity,2600,0.026089399169998195,0.04628299999999763,0.007765669739776548,0.21270541380390384,0.143263843201768,-0.35575875538408797,0.021828471182367658,0.4880668257756563,23.562687872392296,0.028084252529669007,20193.60082999956,0.27138590791581385,-0.24529650874581566
momentum,2300,-0.14396206375999798,-0.11907299999999865,-0.045614648209147846,0.24490183388182946,-0.06727639890211283,-0.31512569268756496,-0.144750647971992,0.5,30.007276987378013,0.03576552680259596,24889.0637599994,0.27138590791581385,-0.41534797167581183
short_term_reversal,2600,0.06641759321999863,0.11645499999999731,0.019502221148409493,0.22823446158903465,0.2003012671009095,-0.24873576436979083,0.0784053760737676,0.5155131264916468,58.22906363183574,0.06940293639074582,50037.40677999875,0.27138590791581385,-0.20496831469581522
trend,2350,-0.08126723924999968,-0.05208500000000038,-0.025136975200244605,0.29489393221993204,0.06199805178556948,-0.48935658195469034,-0.05136739982087754,0.5,37.80669987607033,0.04506162082964283,29182.239249999308,0.27138590791581385,-0.35265314716581353
volatility,2500,0.06833439783000195,0.09410900000000133,0.02005227399663756,0.11816002552526537,0.22768656997795284,-0.13446768805475406,0.14912336403428345,0.5095465393794749,25.962673674967657,0.030944783879580044,25774.6021699994,0.27138590791581385,-0.2030515100858119
