factor,target_rows,total_return,gross_total_return,annual_return,annual_volatility,sharpe,max_drawdown,calmar,win_rate,turnover,average_turnover,total_cost,benchmark_return,excess_return
liquidity,1150,0.1757948039599997,0.18339499999999953,0.1713749153537356,0.16917808922157018,1.0202111895799306,-0.12491520859975536,1.3719299457189655,0.5603112840466926,7.412640663727729,0.028731165363285772,7600.196039999795,0.28323035254553663,-0.10743554858553694
momentum,900,0.27026020758999936,0.281121999999999,0.2632129939427803,0.21308684337885367,1.2042088262100876,-0.17225298514708987,1.5280605657894293,0.5953307392996109,10.814607888811341,0.04191708484035404,10861.792409999716,0.28323035254553663,-0.012970144955537277
trend,950,0.20417300848999997,0.21551699999999951,0.1989812802874169,0.2287660356016316,0.9084204452992278,-0.18138597368023535,1.0970047807456174,0.5719844357976653,11.77111509979203,0.045624477130976865,11343.99150999968,0.28323035254553663,-0.07905734405553666
volatility,1100,0.06205489224999994,0.07050899999999993,0.060568917384001386,0.13809413009296795,0.49510082057139015,-0.1346427071033417,0.44984922456671345,0.5369649805447471,8.545115742593651,0.03312060365346377,8454.107749999865,0.28323035254553663,-0.2211754602955367
