year,total_return,max_drawdown
2023,-0.023718048236665012,-0.1138310082178986
2024,-0.08504575124680114,-0.1581276883708892
2025,0.22867948299592755,-0.17987126913032514
2026,-0.10495985866583213,-0.15295268323697542
