year,total_return,max_drawdown
2025,0.14964403753000055,-0.041809583972155506
2026,-0.028390610688392548,-0.09770574044257663
