year,total_return,max_drawdown
2025,0.1757983157693883,-0.04732584003562046
2026,-0.06454582282720311,-0.12463072272561504
