year,total_return,max_drawdown
2025,0.1008085901761051,-0.05397472721429064
2026,-0.07046075765645043,-0.11931419122492526
