benchmark,beta,correlation,strategy_vol,benchmark_vol
csi1000,1.0851476170310725,0.891461054454081,0.28152026262115165,0.23192539435076076
csi500,1.146200767283473,0.8974261924474692,0.28152026262115165,0.22104097925998098
hs300,1.419152296457563,0.7998573781682196,0.28152026262115165,0.15911762979043897
