benchmark,beta,correlation,strategy_vol,benchmark_vol
csi1000,1.1175426803820412,0.9159458207925513,0.28217452569599133,0.23192553217131523
csi500,1.137535750804737,0.8885733472644457,0.28217452569599133,0.22104012755051666
hs300,1.3479244821606482,0.7579520866340211,0.28217452569599133,0.15911791751191892
