benchmark,strategy_return,benchmark_return,excess_return,tracking_error,information_ratio,beta,max_drawdown,relative_drawdown
csi1000,1.8526019377922238,0.516880020838042,1.1251723351692857,0.14395854764294108,3.7928976302137003,1.175609347168632,-0.20373605325384148,-0.055694970406792055
csi500,1.8526019377922238,0.5945234428813015,1.0320502156829967,0.1591239687029008,3.2455377178670486,1.196477537972735,-0.20373605325384148,-0.08644457326584842
hs300,1.8526019377922238,0.29384881164275845,1.5053846977178345,0.21142346359082304,3.1932880428886374,1.4589296196461714,-0.20373605325384148,-0.13226880040737843
