benchmark,strategy_return,benchmark_return,excess_return,tracking_error,information_ratio,beta,max_drawdown,relative_drawdown
csi1000,1.6735549588553278,0.5168797649992931,0.9898399351773521,0.13256539517748434,3.7539943264948135,1.1680164039962817,-0.2030004282636403,-0.06508282584889835
csi500,1.6735549588553278,0.5945239448038042,0.9017035733524887,0.1511235237067493,3.0972864598778225,1.1812531663903352,-0.2030004282636403,-0.09247162723414404
hs300,1.6735549588553278,0.2938505049870468,1.3450944602374713,0.20492104530098687,3.0585732301240545,1.4340221461138487,-0.2030004282636403,-0.1390724267470682
