benchmark,beta,correlation,strategy_vol,benchmark_vol
csi1000,1.1680164039962817,0.9050493432258956,0.29846945826433136,0.23192539435076076
csi500,1.1812531663903352,0.8723500559155168,0.29846945826433136,0.22104097925998098
hs300,1.4340221461138487,0.7623408129357192,0.29846945826433136,0.15911762979043897
