benchmark,up_market,months,avg_excess_return,hit_rate,total_excess_return
csi1000,False,6,0.0450060845275019,1.0,0.2700365071650114
csi1000,True,12,0.03790827380824844,0.75,0.4548992856989813
csi500,False,6,0.04880259730399553,1.0,0.2928155838239732
csi500,True,12,0.03161702813734115,0.75,0.3794043376480938
hs300,False,6,0.03309503792712267,0.8333333333333334,0.198570227562736
hs300,True,12,0.05871857384804041,0.9166666666666666,0.7046228861764849
