benchmark,up_market,months,avg_excess_return,hit_rate,total_excess_return
csi1000,False,6,0.0377318097299417,0.8333333333333334,0.22639085837965023
csi1000,True,12,0.03311785780767871,0.9166666666666666,0.39741429369214454
csi500,False,6,0.041528322506435345,0.8333333333333334,0.24916993503861207
csi500,True,12,0.026826612136771417,0.8333333333333334,0.321919345641257
hs300,False,6,0.02582076312956248,0.6666666666666666,0.15492457877737487
hs300,True,12,0.05392815784747068,1.0,0.6471378941696482
