benchmark,strategy_return,benchmark_return,excess_return,tracking_error,information_ratio,beta,max_drawdown,relative_drawdown
csi1000,1.4817953008651412,0.5168797649992931,0.8322214467728413,0.10850812517876886,4.018829229652927,1.0800748003563296,-0.21470839312003542,-0.07199995560522088
csi500,1.4817953008651412,0.5945239448038042,0.7522739350740522,0.1267173247688825,3.207917530020473,1.0945097870014164,-0.21470839312003542,-0.10843963743074059
hs300,1.4817953008651412,0.2938505049870468,1.1623669544410866,0.18511472502227064,3.0531979944658443,1.2853239262352214,-0.21470839312003542,-0.14899895859245427
