benchmark,strategy_return,benchmark_return,excess_return,tracking_error,information_ratio,beta,max_drawdown,relative_drawdown
csi1000,1.389552949952396,0.516880020838042,0.7687007205753236,0.1163037266983949,3.5413047531922173,1.1175426803820412,-0.22092356537225677,-0.07527962472324723
csi500,1.389552949952396,0.5945234428813015,0.6917197433645084,0.13280510981840365,2.8785771024305946,1.137535750804737,-0.22092356537225677,-0.1120837254003415
hs300,1.389552949952396,0.29384881164275845,1.0861566221724548,0.192037388103912,2.817070829691903,1.3479244821606482,-0.22092356537225677,-0.15429962021327392
