benchmark,strategy_return,benchmark_return,excess_return,tracking_error,information_ratio,beta,max_drawdown,relative_drawdown
csi1000,1.4602534129192053,0.516880020838042,0.7167225407499322,0.12230150366349465,3.200042003304649,1.1729401449695505,-0.22873137777348074,-0.08538902567246909
csi500,1.4602534129192053,0.5945234428813015,0.6436297803656721,0.13288288863641928,2.7226436792659134,1.212998392897155,-0.22873137777348074,-0.12258907660820773
hs300,1.4602534129192053,0.29384881164275845,1.0236844190894758,0.19782282456694975,2.6310711819864325,1.4492902193049224,-0.22873137777348074,-0.1603731738777069
